編號,拾獲日期,拾獲地點,外觀描述,物品分類,存放地點
2026060520265,2026/06/05,總圖1F其他區域,短袖黑色無帽外套(亦可當襯衫),衣物,總圖一樓服務台
2026060520266,2026/06/05,總圖3F其他區域,黑框眼鏡一副,其他 黑框眼鏡一副,總圖一樓服務台
2026060520268,2026/06/05,總圖2F其他區域,淺卡其色外套及毛衣一條,衣物其他,總圖一樓服務台
2026060420261,2026/06/04,總圖2F其他區域,熊本熊頭小包包吊飾,其他 包包吊飾,總圖一樓服務台
2026060420263,2026/06/04,總圖1F圖書館大門,黃O瑜郵政金融卡,證件-其他其他 郵政金融卡,總圖一樓服務台
2026060420264,2026/06/04,總圖1F公用電腦區,影印儲值卡100元型。,影印卡、悠遊卡,總圖一樓服務台
2026060320253,2026/06/03,總圖1F圖書館大門,史努比吊飾,其他 史努比吊飾,總圖一樓服務台
2026060320254,2026/06/03,總圖4F其他區域,充電線Type-C,其他 充電線Type-C,總圖一樓服務台
2026060320255,2026/06/03,總圖2F其他區域,圖書：民事法規,圖書、期刊,總圖一樓服務台
2026060320260,2026/06/03,總圖1F其他區域,本國身分證—黃〇〇,證件-身分證,總圖一樓服務台
2026060220244,2026/06/02,總圖4F其他區域,自動傘一把,雨傘,總圖一樓服務台
2026060120237,2026/06/01,總圖1F 數位學習席,白色保溫杯,水壺、水杯,總圖一樓服務台
2026060120239,2026/06/01,總圖B1自習室,黃灰色運動外套,衣物,總圖一樓服務台
2026060120240,2026/06/01,總圖1F 數位學習席,藍芽耳機一對 無外殼,其他 耳機,總圖一樓服務台
2026053120236,2026/05/31,總圖1F 多元共享區,現金,現金,總圖一樓服務台
2026053020233,2026/05/30,總圖1F圖書館大門,一卡通(普通)，彩色線條圖案,影印卡、悠遊卡,總圖一樓服務台
2026052920216,2026/05/29,總圖2F盥洗室及茶水間,2025 EARTH SCIENCE FESTIVAL,水壺、水杯,總圖一樓服務台
2026052920217,2026/05/29,總圖2F閱覽席座,Glenfiddich鴨舌帽,衣物,總圖一樓服務台
2026052920218,2026/05/29,總圖2F閱覽席座,K-ON小卡,其他 小卡,總圖一樓服務台
2026052920228,2026/05/29,總圖1F其他區域,外國硬幣1枚,現金,總圖一樓服務台
2026052920230,2026/05/29,總圖B1自習室,白色藍牙耳機充電盒(無耳機),其他 藍牙耳機充電盒,總圖一樓服務台
2026052820208,2026/05/28,總圖1F影印室,100元影印卡,影印卡、悠遊卡,總圖一樓服務台
2026052820209,2026/05/28,總圖1F 數位學習席,白色充電線1條,其他 充電線,總圖一樓服務台
2026052820210,2026/05/28,總圖3F其他區域,白色帽子1頂,衣物,總圖一樓服務台
2026052720204,2026/05/27,總圖1F圖書館大門,藍色杯蓋透明瓶身水壺,水壺、水杯,總圖一樓服務台
2026052720207,2026/05/27,總圖1F圖書館大門,本校學生證–陳〇〇。,證件-本校證件,總圖一樓服務台
2026052920227,2026/05/27,辜振甫圖書館,二件髒衣物、一個內似裝有垃圾包包,衣物,辜振甫圖書館
2026052620200,2026/05/26,總圖1F 演練室,滑鼠一個,其他,總圖一樓服務台
2026052620202,2026/05/26,總圖1F圖書館大門,現金100NTD,現金,總圖一樓服務台
2026052920221,2026/05/26,辜振甫圖書館,附鑰匙圈灰色磁扣,其他 磁扣,辜振甫圖書館
2026052520195,2026/05/25,總圖3F其他區域,圖書：106近十年英文學測試題詳解,圖書、期刊,總圖一樓服務台
2026052520196,2026/05/25,總圖1F公用電腦區,USB-TPYE-C黑色傳輸線,其他,總圖一樓服務台
2026052520197,2026/05/25,總圖1F其他區域,淡綠色電源轉接器(USB-A*2),其他 電源轉接器,總圖一樓服務台
2026052420190,2026/05/24,總圖1F圖書館大門,Thai national ID card,證件-外校證件,總圖一樓服務台
2026052620199,2026/05/24,醫圖4F,光學無線滑鼠,其他,醫圖流通櫃檯
2026052320188,2026/05/23,總圖1F圖書館大門,"圖書""真修寺課誦本""及五張手寫筆記","其他 圖書""真修寺課誦本""及五張手寫筆記",總圖一樓服務台
2026052320189,2026/05/23,總圖1F 數位學習席,白色保溫瓶,水壺、水杯,總圖一樓服務台
2026052920219,2026/05/23,辜振甫圖書館,酒紅色行李箱綁帶,其他 行李箱綁帶,辜振甫圖書館
2026052220180,2026/05/22,總圖1F其他區域,海報兩張,其他 海報,總圖一樓服務台
2026052220184,2026/05/22,總圖1F其他區域,黑色連帽外套,衣物,總圖一樓服務台
2026052220185,2026/05/22,總圖1F 多元共享區,白色電源轉接器，USB-C編織充電線。,其他 電源轉接器、充電線,總圖一樓服務台
2026052220186,2026/05/22,總圖1F其他區域,印花紗布方巾,其他 毛巾,總圖一樓服務台
2026052920220,2026/05/22,辜振甫圖書館,Kolin充電頭,其他 充電器,辜振甫圖書館
2026052920223,2026/05/22,辜振甫圖書館,影印卡,影印卡、悠遊卡,辜振甫圖書館
2026052120173,2026/05/21,總圖B1自習室,The king of test 雅思單字(我識出版),圖書、期刊,總圖一樓服務台
2026052120174,2026/05/21,總圖1F 多元共享區,黑色充電線,其他 充電線,總圖一樓服務台
2026052120176,2026/05/21,總圖3F閱覽席座,唇釉(桃紅透明外殼),其他 唇彩,總圖一樓服務台
2026052120177,2026/05/21,總圖2F其他區域,不鏽鋼筷一雙,其他 不鏽鋼筷,總圖一樓服務台
2026052920224,2026/05/21,辜振甫圖書館,鈔票一張,現金,辜振甫圖書館
2026052020170,2026/05/20,總圖B1自習室,插頭轉換器,其他 轉換器,總圖一樓服務台
2026052020171,2026/05/20,總圖B1自習室,粉紫色毛絨兔子拉鍊袋,其他,總圖一樓服務台
2026052920226,2026/05/20,辜振甫圖書館,藍色牛仔外套,衣物,辜振甫圖書館
2026051920167,2026/05/19,總圖3F其他區域,透明水壺,水壺、水杯,總圖一樓服務台
2026051920169,2026/05/19,總圖1F其他區域,本國鈔票數張。,現金,總圖一樓服務台
2026052920225,2026/05/19,辜振甫圖書館,黑色手機充電線,其他 充電線,辜振甫圖書館
2026051820155,2026/05/18,總圖1F盥洗室及茶水間,戒指一枚,其他 戒指一枚,總圖一樓服務台
2026051820156,2026/05/18,總圖1F其他區域,悠遊卡（餘額8元）,影印卡、悠遊卡,總圖一樓服務台
2026051820157,2026/05/18,總圖4F其他區域,噴霧瓶/手鍊/綠油精,其他 噴霧瓶/手鍊/綠油精,總圖一樓服務台
2026051820158,2026/05/18,未知,健保卡(郭○成),證件-健保卡,總圖一樓服務台
2026051820166,2026/05/18,總圖1F 數位學習席,國立臺灣大學停車票卡(水藍色代幣),其他 停車代幣,總圖一樓服務台
2026052920222,2026/05/18,辜振甫圖書館,影印卡,影印卡、悠遊卡,辜振甫圖書館
2026051720153,2026/05/17,總圖1F影印室,台大圖書館影印卡,影印卡、悠遊卡,總圖一樓服務台
2026051620152,2026/05/16,總圖1F 數位學習席,白色充電線,其他 充電線,總圖一樓服務台
2026051820160,2026/05/16,辜振甫圖書館,泰國八仙筒薄荷棒,其他 薄荷棒,辜振甫圖書館
2026051820159,2026/05/15,辜振甫圖書館,黑色折傘,雨傘,辜振甫圖書館
2026051420142,2026/05/14,總圖3F閱覽席座,深藍色外套(Uniqlo),衣物,總圖一樓服務台
2026051420145,2026/05/14,總圖B1總圖B1討論區,白色鴨舌帽,衣物,總圖一樓服務台
2026051420146,2026/05/14,總圖B1總圖B1討論區,黑色針織帽,衣物,總圖一樓服務台
2026051420147,2026/05/14,總圖B1總圖B1討論區,粉色透明高光氣墊粉餅,其他 化妝品,總圖一樓服務台
2026051820161,2026/05/14,辜振甫圖書館,銀色USB Hub,其他 USB Hub,辜振甫圖書館
2026051820162,2026/05/14,辜振甫圖書館,Air Pod充電盒，內無耳機,其他 Air Pod充電盒,辜振甫圖書館
2026051320134,2026/05/13,總圖3F其他區域,BlenderBottle水壺,水壺、水杯,總圖行政組
2026051320135,2026/05/13,總圖2F其他區域,Pokemon Go Plus,其他 裝置,總圖行政組
2026051320136,2026/05/13,總圖1F 數位學習席,黑色工程用計算機,其他 計算機,總圖行政組
2026051320140,2026/05/13,總圖1F公用電腦區,影印儲值卡100元型,影印卡、悠遊卡,總圖一樓服務台
2026051320141,2026/05/13,總圖1F公用電腦區,影印儲值卡100元型,影印卡、悠遊卡,總圖一樓服務台
2026051220127,2026/05/12,總圖2F密集書庫,白色按鈕吊飾,其他 按鈕（鍵帽）,總圖行政組
2026051220128,2026/05/12,總圖1F 影音聆賞席,格子軟墊板,其他 墊板,總圖行政組
2026051220132,2026/05/12,總圖2F其他區域,陳O諺學生證與黑色錢包,錢包證件-本校證件,總圖一樓服務台
2026051120116,2026/05/11,總圖2F其他區域,白色充電線1條(typeC to lightning),其他 充電線,總圖行政組
2026051820164,2026/05/11,辜振甫圖書館,黑色折疊梳子,其他 梳子,辜振甫圖書館
2026051120120,2026/05/10,辜振甫圖書館,白色usb轉接線,其他 轉接線,辜振甫圖書館
2026051120122,2026/05/10,辜振甫圖書館,100元影印卡,影印卡、悠遊卡,辜振甫圖書館
2026050920114,2026/05/09,總圖1F 影音聆賞席,白色瓶身防曬乳,其他 防曬乳,總圖行政組
2026051120121,2026/05/09,辜振甫圖書館,銀色kinston隨身碟8GB,隨身碟,辜振甫圖書館
2026051120123,2026/05/09,辜振甫圖書館,白色隨身碟,隨身碟,辜振甫圖書館
2026051820163,2026/05/09,辜振甫圖書館,余〇倫台大學生證,證件-本校證件,辜振甫圖書館
2026050820107,2026/05/08,總圖1F其他區域,透明長傘1把,雨傘,總圖行政組
2026050820108,2026/05/08,總圖1F其他區域,影印卡1張（面額199元）,影印卡、悠遊卡,總圖一樓服務台
2026050820111,2026/05/08,總圖2F閱覽席座,綠色水壺,水壺、水杯,總圖行政組
2026050820112,2026/05/08,總圖1F閱覽席座,銀色隨身碟1個,其他 隨身碟,總圖行政組
2026050720102,2026/05/07,總圖1F 數位學習席,黑色充電插頭及傳輸線,其他 黑色充電插頭及傳輸線,總圖行政組
2026050720103,2026/05/07,總圖2F其他區域,黑色摺疊傘1把,雨傘,總圖一樓服務台
2026050720106,2026/05/07,總圖2F其他區域,國立臺灣師範大學進修推廣學院筆記本(學習無界),筆記本、影印資料,總圖一樓服務台
2026051820165,2026/05/07,辜振甫圖書館,銀色鑷子,其他 鑷子,辜振甫圖書館
2026050620098,2026/05/06,總圖2F其他區域,透明水瓶(奶白色瓶蓋),水壺、水杯,總圖行政組
2026050620099,2026/05/06,總圖3F閱覽席座,電源接頭(白色),其他 電源接頭,總圖行政組
2026050620101,2026/05/06,總圖B1自習室,法律系 曾O佑 R11AOO0X1 學生證 於圖書館門口拾獲,證件-本校證件,總圖一樓服務台
2026050520094,2026/05/05,總圖1F 數位學習席,白色充電器(OPPO 插頭+USB-TYPE C 充電線),其他 充電器,總圖行政組
2026050520095,2026/05/05,總圖1F 影音聆賞席,粉紅色無線耳機(Lydsto),其他 耳機,總圖行政組
2026050520096,2026/05/05,總圖1F圖書館大門,"鑰匙兩支, 搖控器一個, 掛在同一鑰匙圈內, 鑰匙圈上另有小紅鞋,白色娃娃飾品。",鑰匙,總圖行政組
2026050420092,2026/05/04,總圖1F公用電腦區,299元影印卡,影印卡、悠遊卡,總圖一樓服務台
2026051120118,2026/05/04,辜振甫圖書館,粉色摺傘,雨傘,辜振甫圖書館
2026050320090,2026/05/03,總圖1F其他區域,現金100元,現金,總圖行政組
2026050220083,2026/05/02,總圖1F 數位學習席,米色行動電源,其他 行動電源,總圖行政組
2026050220084,2026/05/02,總圖1F 數位學習席,type C-lightning充電線,其他 充電線,總圖行政組
2026050220086,2026/05/02,總圖B1自習室,現金500元,現金,總圖一樓服務台
2026050220087,2026/05/02,總圖1F盥洗室及茶水間,印有巴黎鐵塔的布質小化妝包,其他 小化妝包,總圖行政組
2026051120119,2026/04/30,辜振甫圖書館,白色apple充電頭,其他 充電器/線,辜振甫圖書館
2026042920076,2026/04/29,總圖3F閱覽席座,紫色行動電源(LaPO),其他 行動電源,總圖行政組
2026042920077,2026/04/29,總圖1F其他區域,綠色外套,衣物,總圖一樓服務台
2026042920078,2026/04/29,總圖1F 數位學習席,白色自帶插頭、充電線行動電源,其他 行動電源,總圖行政組
2026042820072,2026/04/28,總圖1F 數位學習席,紅色NY帽 於 1F 家用西文影片櫃上拾獲,衣物 帽子,總圖一樓服務台
2026042820073,2026/04/28,總圖1F 影音聆賞席,白色旅行萬用轉接頭,其他 轉接頭,總圖行政組
2026042820075,2026/04/28,總圖B1影印中心,台北富邦銀行存褶，戶名：湯〇〇。,其他 存摺,總圖行政組
2026042720069,2026/04/27,總圖B1投幣式置物櫃區,黑色折傘，傘面有貓熊與星星圖樣。,雨傘,總圖行政組
2026043020082,2026/04/27,總圖5F其他區域,十分瀑布影印卡(?)1張，背後有簽名飯ｏ美ｏ,影印卡、悠遊卡,總圖五樓特藏櫃檯
2026042520062,2026/04/25,總圖1F圖書館大門,信用卡(黃底 LINE熊大圖案) 後三碼113,其他 信用卡,總圖一樓服務台
2026042420054,2026/04/24,總圖1F 數位學習席,NASA 藍色帽子一頂,衣物,總圖一樓服務台
2026042420056,2026/04/24,總圖3F閱覽席座,HERFA11S 咖啡色短T,衣物,總圖一樓服務台
2026042420057,2026/04/24,總圖2F其他區域,手持電扇(Yoobao)於2F 書架間拾獲 藍色,其他 手持電扇,總圖行政組
2026042420060,2026/04/24,總圖4F其他區域,USB,隨身碟,總圖行政組
2026042420061,2026/04/24,總圖1F 多元共享區,黑色帽T，背部有字「ESSENTIALS」。,衣物,總圖一樓服務台
2026051120117,2026/04/24,辜振甫圖書館,白色短裙,衣物,辜振甫圖書館
2026042220050,2026/04/22,總圖1F 數位學習席,滑鼠,其他 滑鼠,總圖行政組
2026042220051,2026/04/22,總圖B1自習室,Oster Blend Active水壺,水壺、水杯,總圖行政組
2026042220052,2026/04/22,總圖1F影印室,100元影印卡,影印卡、悠遊卡,總圖一樓服務台
2026042120037,2026/04/21,總圖3F其他區域,鉤針編織玩偶(小狗)1個,其他 鉤針編織玩偶,總圖行政組
2026042120038,2026/04/21,總圖B1自習室,黑色轉接頭,其他 轉接頭,總圖行政組
2026042120039,2026/04/21,總圖B1自習室,白色充電頭USB及type C(蔡O珊),其他 充電頭,總圖行政組
2026042120040,2026/04/21,總圖B1自習室,LG白色充電頭USB,其他 充電頭,總圖行政組
2026042120041,2026/04/21,總圖B1自習室,ASUS白色充電頭USB,其他 充電頭,總圖行政組
2026042120042,2026/04/21,總圖B1自習室,白色萬用轉接頭,其他 轉接頭,總圖行政組
2026042120043,2026/04/21,總圖B1自習室,灰色方形萬用轉接頭,其他 轉接頭,總圖行政組
2026042120044,2026/04/21,總圖B1自習室,白色轉接頭,其他 轉接頭,總圖行政組
2026042120045,2026/04/21,總圖B1自習室,灰色摺疊傘,雨傘,總圖行政組
2026042120046,2026/04/21,總圖B1自習室,藍色方格透明直立傘,雨傘,總圖行政組
2026042020033,2026/04/20,總圖4F其他區域,華碩變壓器充電器電源線,其他 變壓器充電器電源線,總圖行政組
2026042120035,2026/04/20,總圖1F影印室,悠遊卡(餘額13元),影印卡、悠遊卡,總圖一樓服務台
2026041820029,2026/04/18,總圖1F 數位學習席,白色行動電源(ASPOR),其他 行動電源,總圖行政組
2026041720018,2026/04/17,總圖2F其他區域,白色充電插座1個、白色充電線1條,其他 充電線、充電插頭,總圖行政組
2026041720026,2026/04/17,總圖1F盥洗室及茶水間,悠遊卡一張,影印卡、悠遊卡,總圖一樓服務台
2026041720027,2026/04/17,總圖3F閱覽席座,白色附小螢幕的無線藍牙耳機充電盒，內有單支耳機(R)。,其他 無線藍牙耳機,總圖行政組
2026041620013,2026/04/16,總圖4F其他區域,白色充電插頭1個、充電線1個,其他 充電線、充電插頭,總圖行政組
2026041620014,2026/04/16,總圖1F其他區域,影印卡1張,影印卡、悠遊卡,總圖一樓服務台
2026041620016,2026/04/16,總圖4F公用電腦區,銀色隨身碟,隨身碟,總圖行政組
2026041720019,2026/04/16,辜振甫圖書館,白色充電器/線,其他 充電器/線,辜振甫圖書館
2026041520011,2026/04/15,總圖1F公用電腦區,白色USB-C充電線,其他 充電線,總圖行政組
2026041720024,2026/04/15,辜振甫圖書館,現金15元,現金,辜振甫圖書館
2026041420000,2026/04/14,總圖B1自習室,淺棕色眼鏡盒(odbo)及藍紫色眼鏡布,其他 眼鏡盒,總圖行政組
